,id,header,message,schemaref
0,32_2019-07-01 17:27:40,"{'gatewayTimestamp': '2019-07-01T15:27:38.124061Z', 'softwareName': 'EDDiscovery', 'softwareVersion': '10.6.0.0', 'uploaderID': 'e62e15b9e56a742a826559cd160d8428e9a1bbb8'}","{'Atmosphere': '', 'AtmosphereType': 'None', 'AxialTilt': 0.409669, 'BodyID': 37, 'BodyName': 'Nyeakua AN-L b12-0 B 3 e', 'Composition': {'Ice': 0.824564, 'Metal': 0.015529, 'Rock': 0.159906}, 'DistanceFromArrivalLS': 46679.257813, 'Eccentricity': 0.001562, 'Landable': True, 'MassEM': 0.001944, 'Materials': [{'Name': 'sulphur', 'Percent': 27.583227}, {'Name': 'carbon', 'Percent': 23.194637}, {'Name': 'phosphorus', 'Percent': 14.849607}, {'Name': 'iron', 'Percent': 12.369481}, {'Name': 'nickel', 'Percent': 9.355756}, {'Name': 'chromium', 'Percent': 5.562966}, {'Name': 'zinc', 'Percent': 3.361562}, {'Name': 'zirconium', 'Percent': 1.436352}, {'Name': 'molybdenum', 'Percent': 0.80772}, {'Name': 'tin', 'Percent': 0.739877}, {'Name': 'yttrium', 'Percent': 0.738814}], 'OrbitalInclination': 1.163236, 'OrbitalPeriod': 1154682.0, 'Parents': [{'Planet': 31}, {'Star': 2}, {'Null': 0}], 'Periapsis': 10.046662, 'PlanetClass': 'Icy body', 'Radius': 1099725.25, 'RotationPeriod': 1154741.0, 'ScanType': 'Detailed', 'SemiMajorAxis': 1473296000.0, 'StarPos': [7576.8125, -421.03125, 6876.28125], 'StarSystem': 'Nyeakua AN-L b12-0', 'SurfaceGravity': 0.640699, 'SurfacePressure': 0.0, 'SurfaceTemperature': 45.669163, 'SystemAddress': 772690161769, 'TerraformState': '', 'TidalLock': True, 'Volcanism': '', 'WasDiscovered': False, 'WasMapped': False, 'event': 'Scan', 'timestamp': '2019-07-01T15:27:35Z'}",https://eddn.edcd.io/schemas/journal/1
1,4_2019-07-01 17:27:40,"{'gatewayTimestamp': '2019-07-01T14:11:03.428056Z', 'softwareName': 'EDDI', 'softwareVersion': '3.4.1', 'uploaderID': 'cac9b577a3a90395d45a0c5ba52f31c339eb7d40'}","{'Atmosphere': 'thin carbon dioxide atmosphere', 'AtmosphereComposition': [{'Name': 'CarbonDioxide', 'Percent': 100.0}], 'AtmosphereType': 'CarbonDioxide', 'AxialTilt': -0.414484, 'BodyID': 24, 'BodyName': 'Foerst ZU-C c14-1 3 d', 'Composition': {'Ice': 0.0, 'Metal': 0.089801, 'Rock': 0.910199}, 'DistanceFromArrivalLS': 1154.979126, 'Eccentricity': 0.001925, 'Landable': False, 'MassEM': 0.000364, 'OrbitalInclination': 1.253727, 'OrbitalPeriod': 2251632.0, 'Parents': [{'Planet': 18}, {'Star': 0}], 'Periapsis': 201.033295, 'PlanetClass': 'Rocky body', 'Radius': 503124.0, 'RotationPeriod': 2251642.25, 'ScanType': 'Detailed', 'SemiMajorAxis': 2534670080.0, 'StarPos': [-341.9375, 1935.125, 16179.90625], 'StarSystem': 'Foerst ZU-C c14-1', 'SurfaceGravity': 0.572467, 'SurfacePressure': 636.769043, 'SurfaceTemperature': 159.662598, 'SystemAddress': 358195175290, 'TerraformState': '', 'TidalLock': True, 'Volcanism': '', 'WasDiscovered': False, 'WasMapped': False, 'event': 'Scan', 'timestamp': '2019-07-01T14:11:02Z'}",https://eddn.edcd.io/schemas/journal/1
2,25_2019-07-01 17:27:40,"{'gatewayTimestamp': '2019-07-01T15:13:15.909525Z', 'softwareName': 'EDDiscovery', 'softwareVersion': '10.6.0.0', 'uploaderID': 'bdb199619d93aca785cbd751ae03a08f03355c4f'}","{'BodyID': 8, 'BodyName': 'Pyra Dryiae NB-X c4-0 B Belt Cluster 2', 'DistanceFromArrivalLS': 382.219482, 'Parents': [{'Ring': 6}, {'Star': 0}], 'ScanType': 'AutoScan', 'StarPos': [91.3125, -41.96875, 61859.5], 'StarSystem': 'Pyra Dryiae NB-X c4-0', 'SystemAddress': 83986727722, 'WasDiscovered': True, 'WasMapped': False, 'event': 'Scan', 'timestamp': '2019-07-01T15:12:56Z'}",https://eddn.edcd.io/schemas/journal/1
3,33_2019-07-01 17:27:40,"{'gatewayTimestamp': '2019-07-01T15:27:38.444628Z', 'softwareName': 'E:D Market Connector [Windows]', 'softwareVersion': '3.4.2.0', 'uploaderID': 'be796ff59afc53cf3b6c7b0083dabb2c51cb5f30'}","{'Atmosphere': '', 'AtmosphereType': 'None', 'AxialTilt': -0.258498, 'BodyID': 3, 'BodyName': 'Dryooe Prou LR-V c2-41 B 1', 'Composition': {'Ice': 0.0, 'Metal': 0.330579, 'Rock': 0.669421}, 'DistanceFromArrivalLS': 4196.922363, 'Eccentricity': 0.000103, 'Landable': True, 'MassEM': 0.262002, 'Materials': [{'Name': 'iron', 'Percent': 21.196085}, {'Name': 'nickel', 'Percent': 16.031832}, {'Name': 'sulphur', 'Percent': 14.95741}, {'Name': 'carbon', 'Percent': 12.577632}, {'Name': 'chromium', 'Percent': 9.532583}, {'Name': 'manganese', 'Percent': 8.753767}, {'Name': 'phosphorus', 'Percent': 8.052416}, {'Name': 'vanadium', 'Percent': 5.205021}, {'Name': 'molybdenum', 'Percent': 1.384092}, {'Name': 'tungsten', 'Percent': 1.163878}, {'Name': 'tellurium', 'Percent': 1.145289}], 'OrbitalInclination': -0.000388, 'OrbitalPeriod': 84774.578125, 'Parents': [{'Star': 2}, {'Null': 0}], 'Periapsis': 172.564392, 'PlanetClass': 'High metal content body', 'Radius': 4035494.0, 'RotationPeriod': 84775.546875, 'ScanType': 'Detailed', 'SemiMajorAxis': 1677404672.0, 'StarPos': [-9912.65625, -1102.71875, 20816.03125], 'StarSystem': 'Dryooe Prou LR-V c2-41', 'SurfaceGravity': 6.412397, 'SurfacePressure': 0.0, 'SurfaceTemperature': 611.283508, 'SystemAddress': 11337202836250, 'TerraformState': '', 'TidalLock': True, 'Volcanism': 'metallic magma volcanism', 'WasDiscovered': False, 'WasMapped': False, 'event': 'Scan', 'timestamp': '2019-07-01T15:27:37Z'}",https://eddn.edcd.io/schemas/journal/1
4,5_2019-07-01 17:27:40,"{'gatewayTimestamp': '2019-07-01T14:11:03.887674Z', 'softwareName': 'EDSM', 'softwareVersion': '1.0.1', 'uploaderID': 'f90cc946342043c6da68b9ed377adbecb735a3be'}","{'Atmosphere': '', 'AtmosphereType': 'None', 'AxialTilt': -0.358049, 'BodyID': 24, 'BodyName': 'Skaude QR-U b35-10 5 b', 'Composition': {'Ice': 0.825004, 'Metal': 0.015558, 'Rock': 0.159439}, 'DistanceFromArrivalLS': 4532.45166, 'Eccentricity': 0.000223, 'Landable': True, 'MassEM': 0.001007, 'Materials': [{'Name': 'sulphur', 'Percent': 26.940495}, {'Name': 'carbon', 'Percent': 22.654165}, {'Name': 'phosphorus', 'Percent': 14.503585}, {'Name': 'iron', 'Percent': 12.122712}, {'Name': 'nickel', 'Percent': 9.169111}, {'Name': 'manganese', 'Percent': 5.006557}, {'Name': 'selenium', 'Percent': 4.216415}, {'Name': 'vanadium', 'Percent': 2.976916}, {'Name': 'cadmium', 'Percent': 0.941384}, {'Name': 'ruthenium', 'Percent': 0.748655}, {'Name': 'tin', 'Percent': 0.719994}], 'OrbitalInclination': 0.004626, 'OrbitalPeriod': 189279.0625, 'Parents': [{'Planet': 20}, {'Star': 0}], 'Periapsis': 47.808777, 'PlanetClass': 'Icy body', 'Radius': 884622.6875, 'RotationPeriod': 177137.5625, 'ScanType': 'Detailed', 'SemiMajorAxis': 427314528, 'StarPos': [-4809.40625, -273.03125, 9942.1875], 'StarSystem': 'Skaude QR-U b35-10', 'SurfaceGravity': 0.512778, 'SurfacePressure': 0, 'SurfaceTemperature': 38.455986, 'SystemAddress': 22596493194545, 'TerraformState': '', 'TidalLock': True, 'Volcanism': 'major water geysers volcanism', 'WasDiscovered': False, 'WasMapped': False, 'event': 'Scan', 'timestamp': '2019-07-01T13:04:14Z'}",https://eddn.edcd.io/schemas/journal/1
5,2_2019-07-01 17:27:40,"{'gatewayTimestamp': '2019-07-01T14:11:02.533278Z', 'softwareName': 'EDSM', 'softwareVersion': '1.0.1', 'uploaderID': 'f90cc946342043c6da68b9ed377adbecb735a3be'}","{'Atmosphere': '', 'AtmosphereType': 'None', 'AxialTilt': -0.369357, 'BodyID': 23, 'BodyName': 'Skaude QR-U b35-10 5 a', 'Composition': {'Ice': 0.825004, 'Metal': 0.015558, 'Rock': 0.159439}, 'DistanceFromArrivalLS': 4533.291504, 'Eccentricity': 0.000197, 'Landable': True, 'MassEM': 0.001682, 'Materials': [{'Name': 'sulphur', 'Percent': 26.754114}, {'Name': 'carbon', 'Percent': 22.497438}, {'Name': 'phosphorus', 'Percent': 14.403246}, {'Name': 'iron', 'Percent': 12.038844}, {'Name': 'nickel', 'Percent': 9.105677}, {'Name': 'chromium', 'Percent': 5.414268}, {'Name': 'selenium', 'Percent': 4.187245}, {'Name': 'germanium', 'Percent': 3.479617}, {'Name': 'ruthenium', 'Percent': 0.743475}, {'Name': 'tin', 'Percent': 0.715012}, {'Name': 'tungsten', 'Percent': 0.661054}], 'OrbitalInclination': -0.025955, 'OrbitalPeriod': 111021.039063, 'Parents': [{'Planet': 20}, {'Star': 0}], 'Periapsis': 20.107492, 'PlanetClass': 'Icy body', 'Radius': 1048370.75, 'RotationPeriod': 100884.414063, 'ScanType': 'Detailed', 'SemiMajorAxis': 299421376, 'StarPos': [-4809.40625, -273.03125, 9942.1875], 'StarSystem': 'Skaude QR-U b35-10', 'SurfaceGravity': 0.609899, 'SurfacePressure': 0, 'SurfaceTemperature': 39.590458, 'SystemAddress': 22596493194545, 'TerraformState': '', 'TidalLock': True, 'Volcanism': 'major water geysers volcanism', 'WasDiscovered': False, 'WasMapped': False, 'event': 'Scan', 'timestamp': '2019-07-01T13:04:09Z'}",https://eddn.edcd.io/schemas/journal/1
6,6_2019-07-01 17:27:40,"{'gatewayTimestamp': '2019-07-01T14:11:03.901118Z', 'softwareName': 'E:D Market Connector [Windows]', 'softwareVersion': '3.4.2.0', 'uploaderID': '7d6237f766778fc0f72cfb10b0424d51f6da5be0'}","{'Atmosphere': '', 'AtmosphereType': 'None', 'AxialTilt': -1.950928, 'BodyID': 22, 'BodyName': 'Aeolus 2 c', 'Composition': {'Ice': 0.819697, 'Metal': 0.016343, 'Rock': 0.163961}, 'DistanceFromArrivalLS': 1460.364868, 'Eccentricity': 0.007548, 'Landable': True, 'MassEM': 0.003256, 'Materials': [{'Name': 'sulphur', 'Percent': 26.936272}, {'Name': 'carbon', 'Percent': 22.650614}, {'Name': 'phosphorus', 'Percent': 14.501312}, {'Name': 'iron', 'Percent': 12.281229}, {'Name': 'nickel', 'Percent': 9.289007}, {'Name': 'chromium', 'Percent': 5.523276}, {'Name': 'germanium', 'Percent': 3.540092}, {'Name': 'vanadium', 'Percent': 3.015842}, {'Name': 'niobium', 'Percent': 0.839356}, {'Name': 'antimony', 'Percent': 0.748638}, {'Name': 'tungsten', 'Percent': 0.674363}], 'OrbitalInclination': -0.196087, 'OrbitalPeriod': 1363471.0, 'Parents': [{'Planet': 17}, {'Null': 16}, {'Star': 0}], 'Periapsis': 273.733978, 'PlanetClass': 'Icy body', 'Radius': 1302299.75, 'RotationPeriod': -1363630.75, 'ScanType': 'Detailed', 'SemiMajorAxis': 1046615552.0, 'StarPos': [-43.28125, 37.28125, -31.53125], 'StarSystem': 'Aeolus', 'SurfaceGravity': 0.765117, 'SurfacePressure': 0.0, 'SurfaceTemperature': 88.780914, 'SystemAddress': 6131099407050, 'TerraformState': '', 'TidalLock': False, 'Volcanism': '', 'WasDiscovered': True, 'WasMapped': True, 'event': 'Scan', 'timestamp': '2019-07-01T14:11:02Z'}",https://eddn.edcd.io/schemas/journal/1
7,24_2019-07-01 17:27:40,"{'gatewayTimestamp': '2019-07-01T15:13:15.508797Z', 'softwareName': 'E:D Market Connector [Windows]', 'softwareVersion': '3.4.2.0', 'uploaderID': '50b635427b9efbd0861adac3304761da888c815b'}","{'Atmosphere': 'sulfur dioxide atmosphere', 'AtmosphereComposition': [{'Name': 'SulphurDioxide', 'Percent': 100.0}], 'AtmosphereType': 'SulphurDioxide', 'AxialTilt': -0.274437, 'BodyID': 6, 'BodyName': 'Bleae Eurl EL-P d5-270 A 3', 'Composition': {'Ice': 0.0, 'Metal': 0.329637, 'Rock': 0.670363}, 'DistanceFromArrivalLS': 489.933472, 'Eccentricity': 0.169093, 'Landable': False, 'MassEM': 0.316824, 'OrbitalInclination': 2.596782, 'OrbitalPeriod': 2184802.0, 'Parents': [{'Null': 4}, {'Star': 1}, {'Null': 0}], 'Periapsis': 72.825325, 'PlanetClass': 'High metal content body', 'Radius': 4282918.0, 'RotationPeriod': 2348279.0, 'ScanType': 'Detailed', 'SemiMajorAxis': 419251328.0, 'StarPos': [6848.75, -17.0, 4545.625], 'StarSystem': 'Bleae Eurl EL-P d5-270', 'SurfaceGravity': 6.88411, 'SurfacePressure': 63091.195313, 'SurfaceTemperature': 424.299286, 'SystemAddress': 9289049574195, 'TerraformState': '', 'TidalLock': True, 'Volcanism': '', 'WasDiscovered': False, 'WasMapped': False, 'event': 'Scan', 'timestamp': '2019-07-01T15:13:14Z'}",https://eddn.edcd.io/schemas/journal/1
8,34_2019-07-01 17:27:40,"{'gatewayTimestamp': '2019-07-01T15:27:38.576666Z', 'softwareName': 'EDDiscovery', 'softwareVersion': '10.6.0.0', 'uploaderID': '84166d643be2edca913a221651ce4488a8ccaa69'}","{'AbsoluteMagnitude': 4.823196, 'Age_MY': 3086, 'AxialTilt': 0.0, 'BodyID': 0, 'BodyName': 'Ploi Aec UT-I d9-9', 'DistanceFromArrivalLS': 0.0, 'Luminosity': 'VII', 'Radius': 10984.375, 'RotationPeriod': 1.697813, 'ScanType': 'AutoScan', 'StarPos': [7170.03125, 155.96875, 7449.40625], 'StarSystem': 'Ploi Aec UT-I d9-9', 'StarType': 'N', 'StellarMass': 0.761719, 'Subclass': 0, 'SurfaceTemperature': 9234508.0, 'SystemAddress': 321225002067, 'WasDiscovered': True, 'WasMapped': False, 'event': 'Scan', 'timestamp': '2019-07-01T15:27:38Z'}",https://eddn.edcd.io/schemas/journal/1
9,38_2019-07-01 17:27:40,"{'gatewayTimestamp': '2019-07-01T15:27:39.526750Z', 'softwareName': 'EDDiscovery', 'softwareVersion': '10.6.0.0', 'uploaderID': 'acc9677938da1d8473836041690f4e86fdca6b94'}","{'Atmosphere': '', 'AtmosphereType': 'None', 'AxialTilt': -0.328601, 'BodyID': 13, 'BodyName': 'HIP 79116 5 f', 'Composition': {'Ice': 0.0, 'Metal': 0.086805, 'Rock': 0.913195}, 'DistanceFromArrivalLS': 1628.933472, 'Eccentricity': 0.002957, 'Landable': True, 'MassEM': 0.001682, 'Materials': [{'Name': 'iron', 'Percent': 19.425568}, {'Name': 'sulphur', 'Percent': 19.274321}, {'Name': 'carbon', 'Percent': 16.207706}, {'Name': 'nickel', 'Percent': 14.692686}, {'Name': 'phosphorus', 'Percent': 10.376451}, {'Name': 'germanium', 'Percent': 5.669386}, {'Name': 'zinc', 'Percent': 5.279142}, {'Name': 'vanadium', 'Percent': 4.770244}, {'Name': 'cadmium', 'Percent': 1.508484}, {'Name': 'tellurium', 'Percent': 1.468382}, {'Name': 'niobium', 'Percent': 1.327634}], 'OrbitalInclination': -0.40122, 'OrbitalPeriod': 6724503.0, 'Parents': [{'Planet': 5}, {'Star': 0}], 'Periapsis': 297.648163, 'PlanetClass': 'Rocky body', 'Radius': 836381.5625, 'RotationPeriod': 376822.375, 'ScanType': 'Detailed', 'SemiMajorAxis': 4440623104.0, 'StarPos': [-206.34375, 231.84375, 70.1875], 'StarSystem': 'HIP 79116', 'SurfaceGravity': 0.95848, 'SurfacePressure': 0.0, 'SurfaceTemperature': 205.696884, 'SystemAddress': 594559420787, 'TerraformState': '', 'TidalLock': False, 'Volcanism': '', 'WasDiscovered': True, 'WasMapped': False, 'event': 'Scan', 'timestamp': '2019-07-01T15:27:37Z'}",https://eddn.edcd.io/schemas/journal/1
10,14_2019-07-01 17:27:40,"{'gatewayTimestamp': '2019-07-01T15:11:33.554654Z', 'softwareName': 'EDDI', 'softwareVersion': '3.4.0', 'uploaderID': '7b6aee29968025ab3c729d3f52ac66a8f06f98ac'}","{'Atmosphere': '', 'AtmosphereType': 'None', 'AxialTilt': 0.459428, 'BodyID': 70, 'BodyName': 'Eor Aub ZP-P e5-917 6 f', 'Composition': {'Ice': 0.0, 'Metal': 0.089861, 'Rock': 0.910139}, 'DistanceFromArrivalLS': 3851.521484, 'Eccentricity': 0.031057, 'Landable': True, 'MassEM': 0.01746, 'Materials': [{'Name': 'iron', 'Name_Localised': 'Eisen', 'Percent': 19.401724}, {'Name': 'sulphur', 'Name_Localised': 'Schwefel', 'Percent': 18.952713}, {'Name': 'carbon', 'Name_Localised': 'Kohlenstoff', 'Percent': 15.937269}, {'Name': 'nickel', 'Percent': 14.674652}, {'Name': 'phosphorus', 'Name_Localised': 'Phosphor', 'Percent': 10.203314}, {'Name': 'manganese', 'Name_Localised': 'Mangan', 'Percent': 8.012715}, {'Name': 'germanium', 'Percent': 5.574831}, {'Name': 'selenium', 'Name_Localised': 'Selen', 'Percent': 2.96626}, {'Name': 'cadmium', 'Name_Localised': 'Kadmium', 'Percent': 1.506632}, {'Name': 'tellurium', 'Name_Localised': 'Tellur', 'Percent': 1.443892}, {'Name': 'niobium', 'Name_Localised': 'Niob', 'Percent': 1.326004}], 'OrbitalInclination': -2.565522, 'OrbitalPeriod': 1404597.75, 'Parents': [{'Planet': 61}, {'Null': 60}, {'Star': 0}], 'Periapsis': 143.813293, 'PlanetClass': 'Rocky body', 'Radius': 1804098.875, 'RotationPeriod': 1404711.875, 'ScanType': 'Detailed', 'SemiMajorAxis': 3112308480.0, 'StarPos': [-4631.625, 213.75, 20387.09375], 'StarSystem': 'Eor Aub ZP-P e5-917', 'SurfaceGravity': 2.13817, 'SurfacePressure': 0.0, 'SurfaceTemperature': 303.605927, 'SystemAddress': 3939674106036, 'TerraformState': '', 'TidalLock': True, 'Volcanism': '', 'WasDiscovered': False, 'WasMapped': False, 'event': 'Scan', 'timestamp': '2019-07-01T15:11:33Z'}",https://eddn.edcd.io/schemas/journal/1
11,9_2019-07-01 17:27:40,"{'gatewayTimestamp': '2019-07-01T14:11:04.726733Z', 'softwareName': 'E:D Market Connector [Windows]', 'softwareVersion': '3.4.1.0', 'uploaderID': '3deb5f9909cf0be176203af631301f655cd4a494'}","{'BodyID': 17, 'BodyName': 'Byoomao ZN-N b54-162 A B Belt Cluster 4', 'DistanceFromArrivalLS': 695.509705, 'Parents': [{'Ring': 13}, {'Star': 1}, {'Null': 0}], 'ScanType': 'AutoScan', 'StarPos': [-388.125, -55.875, 25713.8125], 'StarSystem': 'Byoomao ZN-N b54-162', 'SystemAddress': 356907353001425, 'WasDiscovered': False, 'WasMapped': False, 'event': 'Scan', 'timestamp': '2019-07-01T14:11:03Z'}",https://eddn.edcd.io/schemas/journal/1
12,35_2019-07-01 17:27:40,"{'gatewayTimestamp': '2019-07-01T15:27:38.834255Z', 'softwareName': 'E:D Market Connector [Windows]', 'softwareVersion': '3.4.2.0', 'uploaderID': '466dd668570e0d6c14f0df4e083b5dede2502ab7'}","{'Atmosphere': 'thick argon rich atmosphere', 'AtmosphereComposition': [{'Name': 'Nitrogen', 'Percent': 99.009689}, {'Name': 'Argon', 'Percent': 0.990097}], 'AtmosphereType': 'ArgonRich', 'AxialTilt': -0.321842, 'BodyID': 9, 'BodyName': 'Col 285 Sector VE-V b17-8 A 1', 'Composition': {'Ice': 0.473137, 'Metal': 0.173805, 'Rock': 0.353058}, 'DistanceFromArrivalLS': 131.502899, 'Eccentricity': 0.041271, 'Landable': False, 'MassEM': 0.458712, 'OrbitalInclination': 2.132101, 'OrbitalPeriod': 1242938.625, 'Parents': [{'Null': 8}, {'Star': 1}, {'Null': 0}], 'Periapsis': 112.589203, 'PlanetClass': 'Rocky ice body', 'Radius': 5734488.0, 'RotationPeriod': 1902184.5, 'ScanType': 'Detailed', 'SemiMajorAxis': 99052840.0, 'StarPos': [132.84375, 5.40625, 16.53125], 'StarSystem': 'Col 285 Sector VE-V b17-8', 'SurfaceGravity': 5.559811, 'SurfacePressure': 90092376.0, 'SurfaceTemperature': 175.051865, 'SystemAddress': 18264751154609, 'TerraformState': '', 'TidalLock': True, 'Volcanism': 'minor carbon dioxide geysers volcanism', 'WasDiscovered': True, 'WasMapped': True, 'event': 'Scan', 'timestamp': '2019-07-01T15:27:37Z'}",https://eddn.edcd.io/schemas/journal/1
13,10_2019-07-01 17:27:40,"{'gatewayTimestamp': '2019-07-01T15:11:32.643323Z', 'softwareName': 'EDDiscovery', 'softwareVersion': '10.6.0.0', 'uploaderID': '132d0f77f06c8d8c748d745acde8e2729eb4f98a'}","{'AbsoluteMagnitude': 5.93187, 'Age_MY': 12874, 'AxialTilt': 0.0, 'BodyID': 1, 'BodyName': 'Bleia Eohn FS-F c23 A', 'DistanceFromArrivalLS': 0.0, 'Eccentricity': 0.280012, 'Luminosity': 'Vab', 'OrbitalInclination': -64.335037, 'OrbitalPeriod': 367925264384.0, 'Parents': [{'Null': 0}], 'Periapsis': 207.87822, 'Radius': 571524928.0, 'RotationPeriod': 319059.03125, 'ScanType': 'AutoScan', 'SemiMajorAxis': 27635033833472.0, 'StarPos': [-807.125, -99.875, 1497.0625], 'StarSystem': 'Bleia Eohn FS-F c23', 'StarType': 'K', 'StellarMass': 0.769531, 'Subclass': 1, 'SurfaceTemperature': 4946.0, 'SystemAddress': 6404702147586, 'WasDiscovered': True, 'WasMapped': False, 'event': 'Scan', 'timestamp': '2019-07-01T15:11:32Z'}",https://eddn.edcd.io/schemas/journal/1
14,12_2019-07-01 17:27:40,"{'gatewayTimestamp': '2019-07-01T15:11:33.345125Z', 'softwareName': 'E:D Market Connector [Windows]', 'softwareVersion': '3.4.2.0', 'uploaderID': '4be4348ffcb1eee93b3ca824e8081d908899b710'}","{'AbsoluteMagnitude': 11.700363, 'Age_MY': 6252, 'AxialTilt': 0.0, 'BodyID': 2, 'BodyName': 'Pueloe ZI-W b16-1 B', 'DistanceFromArrivalLS': 9172.466797, 'Eccentricity': 0.108332, 'Luminosity': 'VI', 'OrbitalInclination': 33.45118, 'OrbitalPeriod': 2722920192.0, 'Parents': [{'Null': 0}], 'Periapsis': 342.907867, 'Radius': 243556576.0, 'RotationPeriod': 114917.554688, 'ScanType': 'Detailed', 'SemiMajorAxis': 1740701958144.0, 'StarPos': [-40.21875, 199.96875, 13378.59375], 'StarSystem': 'Pueloe ZI-W b16-1', 'StarType': 'M', 'StellarMass': 0.183594, 'Subclass': 9, 'SurfaceTemperature': 2008.0, 'SystemAddress': 2869441542801, 'WasDiscovered': False, 'WasMapped': False, 'event': 'Scan', 'timestamp': '2019-07-01T15:11:32Z'}",https://eddn.edcd.io/schemas/journal/1
15,23_2019-07-01 17:27:40,"{'gatewayTimestamp': '2019-07-01T15:13:15.457951Z', 'softwareName': 'EDDiscovery', 'softwareVersion': '10.6.0.0', 'uploaderID': '5905693e1d84d2e28b8b07f115832e1dfb83f5af'}","{'BodyID': 9, 'BodyName': 'Lati A A Belt Cluster 6', 'DistanceFromArrivalLS': 4.135925, 'Parents': [{'Ring': 3}, {'Star': 1}, {'Null': 0}], 'ScanType': 'AutoScan', 'StarPos': [16.28125, 31.96875, -91.65625], 'StarSystem': 'Lati', 'SystemAddress': 2870246253953, 'WasDiscovered': True, 'WasMapped': False, 'event': 'Scan', 'timestamp': '2019-07-01T15:13:07Z'}",https://eddn.edcd.io/schemas/journal/1
16,18_2019-07-01 17:27:40,"{'gatewayTimestamp': '2019-07-01T15:11:34.416500Z', 'softwareName': 'EDDiscovery', 'softwareVersion': '10.6.0.0', 'uploaderID': '402ccec8d39cac5d5b4701024f23b33e5a83aced'}","{'Atmosphere': '', 'AtmosphereType': 'None', 'AxialTilt': -0.138165, 'BodyID': 42, 'BodyName': 'Sleha XD-T c3-0 4 f', 'Composition': {'Ice': 0.0, 'Metal': 0.09057, 'Rock': 0.90943}, 'DistanceFromArrivalLS': 1837.362427, 'Eccentricity': 0.152518, 'Landable': True, 'MassEM': 0.001541, 'Materials': [{'Name': 'iron', 'Percent': 18.462044}, {'Name': 'sulphur', 'Percent': 17.894373}, {'Name': 'carbon', 'Percent': 15.047315}, {'Name': 'nickel', 'Percent': 13.963916}, {'Name': 'phosphorus', 'Percent': 9.63355}, {'Name': 'chromium', 'Percent': 8.302995}, {'Name': 'manganese', 'Percent': 7.624636}, {'Name': 'germanium', 'Percent': 5.273009}, {'Name': 'cadmium', 'Percent': 1.433661}, {'Name': 'niobium', 'Percent': 1.261782}, {'Name': 'yttrium', 'Percent': 1.102716}], 'OrbitalInclination': -9.556805, 'OrbitalPeriod': 103120.710938, 'Parents': [{'Null': 40}, {'Planet': 34}, {'Null': 33}, {'Star': 0}], 'Periapsis': 325.918518, 'PlanetClass': 'Rocky body', 'Radius': 811688.3125, 'RotationPeriod': 134799.71875, 'ScanType': 'Detailed', 'SemiMajorAxis': 4307640.0, 'StarPos': [27177.4375, 18.0625, 9339.219], 'StarSystem': 'Sleha XD-T c3-0', 'SurfaceGravity': 0.932142, 'SurfacePressure': 0.0, 'SurfaceTemperature': 129.872223, 'SystemAddress': 129486592546, 'TerraformState': '', 'TidalLock': True, 'Volcanism': 'minor silicate vapour geysers volcanism', 'WasDiscovered': False, 'WasMapped': False, 'event': 'Scan', 'timestamp': '2019-07-01T15:11:32Z'}",https://eddn.edcd.io/schemas/journal/1
17,37_2019-07-01 17:27:40,"{'gatewayTimestamp': '2019-07-01T15:27:39.515809Z', 'softwareName': 'EDDiscovery', 'softwareVersion': '10.6.0.0', 'uploaderID': 'bdb199619d93aca785cbd751ae03a08f03355c4f'}","{'Atmosphere': '', 'AtmosphereType': 'None', 'AxialTilt': -0.249251, 'BodyID': 8, 'BodyName': 'Nuwo ZD-E c1-0 A 2', 'Composition': {'Ice': 0.0, 'Metal': 0.330033, 'Rock': 0.669967}, 'DistanceFromArrivalLS': 279.589722, 'Eccentricity': 6.7e-05, 'Landable': True, 'MassEM': 0.000168, 'Materials': [{'Name': 'iron', 'Percent': 21.901411}, {'Name': 'nickel', 'Percent': 16.56531}, {'Name': 'sulphur', 'Percent': 15.518683}, {'Name': 'carbon', 'Percent': 13.049605}, {'Name': 'manganese', 'Percent': 9.045059}, {'Name': 'phosphorus', 'Percent': 8.354581}, {'Name': 'zinc', 'Percent': 5.951984}, {'Name': 'vanadium', 'Percent': 5.378224}, {'Name': 'niobium', 'Percent': 1.496845}, {'Name': 'molybdenum', 'Percent': 1.430149}, {'Name': 'yttrium', 'Percent': 1.308145}], 'OrbitalInclination': 1.278633, 'OrbitalPeriod': 16050906.0, 'Parents': [{'Star': 1}, {'Null': 0}], 'Periapsis': 314.988739, 'PlanetClass': 'High metal content body', 'Radius': 366146.0625, 'RotationPeriod': 78741.585938, 'ScanType': 'Detailed', 'SemiMajorAxis': 83814072320.0, 'StarPos': [-102.625, -44.40625, 61731.53], 'StarSystem': 'Nuwo ZD-E c1-0', 'SurfaceGravity': 0.500945, 'SurfacePressure': 0.0, 'SurfaceTemperature': 230.527771, 'SystemAddress': 83718292234, 'TerraformState': '', 'TidalLock': False, 'Volcanism': '', 'WasDiscovered': False, 'WasMapped': False, 'event': 'Scan', 'timestamp': '2019-07-01T15:27:22Z'}",https://eddn.edcd.io/schemas/journal/1
18,11_2019-07-01 17:27:40,"{'gatewayTimestamp': '2019-07-01T15:11:32.930275Z', 'softwareName': 'E:D Market Connector [Windows]', 'softwareVersion': '3.4.2.0', 'uploaderID': 'fd7c6a1065c01273bef1e1209c946af9435ee709'}","{'Body': 'Byua Eurk JK-Z c13', 'BodyID': 0, 'BodyType': 'Star', 'Population': 0, 'StarPos': [-3220.5625, 215.9375, 5402.25], 'StarSystem': 'Byua Eurk JK-Z c13', 'SystemAddress': 3651896809226, 'SystemAllegiance': '', 'SystemEconomy': '$economy_None;', 'SystemGovernment': '$government_None;', 'SystemSecondEconomy': '$economy_None;', 'SystemSecurity': '$GAlAXY_MAP_INFO_state_anarchy;', 'event': 'FSDJump', 'timestamp': '2019-07-01T15:11:31Z'}",https://eddn.edcd.io/schemas/journal/1
19,28_2019-07-01 17:27:40,"{'gatewayTimestamp': '2019-07-01T15:13:16.281874Z', 'softwareName': 'EDDiscovery', 'softwareVersion': '10.6.0.0', 'uploaderID': '7200b9572c5d1f1742eb3212e449a45e8fb66ad7'}","{'BodyID': 4, 'BodyName': 'Drojeae EB-Q c8-12 A Belt Cluster 3', 'DistanceFromArrivalLS': 4.745924, 'Parents': [{'Ring': 1}, {'Star': 0}], 'ScanType': 'AutoScan', 'StarPos': [-1394.75, -59.40625, 3148.125], 'StarSystem': 'Drojeae EB-Q c8-12', 'SystemAddress': 3380038571338, 'WasDiscovered': True, 'WasMapped': False, 'event': 'Scan', 'timestamp': '2019-07-01T15:13:16Z'}",https://eddn.edcd.io/schemas/journal/1
20,13_2019-07-01 17:27:40,"{'gatewayTimestamp': '2019-07-01T15:11:33.481315Z', 'softwareName': 'EDDiscovery', 'softwareVersion': '10.6.0.0', 'uploaderID': '7b6aee29968025ab3c729d3f52ac66a8f06f98ac'}","{'Atmosphere': '', 'AtmosphereType': 'None', 'AxialTilt': 0.459428, 'BodyID': 70, 'BodyName': 'Eor Aub ZP-P e5-917 6 f', 'Composition': {'Ice': 0.0, 'Metal': 0.089861, 'Rock': 0.910139}, 'DistanceFromArrivalLS': 3851.521484, 'Eccentricity': 0.031057, 'Landable': True, 'MassEM': 0.01746, 'Materials': [{'Name': 'iron', 'Percent': 19.401724}, {'Name': 'sulphur', 'Percent': 18.952713}, {'Name': 'carbon', 'Percent': 15.937269}, {'Name': 'nickel', 'Percent': 14.674652}, {'Name': 'phosphorus', 'Percent': 10.203314}, {'Name': 'manganese', 'Percent': 8.012715}, {'Name': 'germanium', 'Percent': 5.574831}, {'Name': 'selenium', 'Percent': 2.96626}, {'Name': 'cadmium', 'Percent': 1.506632}, {'Name': 'tellurium', 'Percent': 1.443892}, {'Name': 'niobium', 'Percent': 1.326004}], 'OrbitalInclination': -2.565522, 'OrbitalPeriod': 1404597.75, 'Parents': [{'Planet': 61}, {'Null': 60}, {'Star': 0}], 'Periapsis': 143.813293, 'PlanetClass': 'Rocky body', 'Radius': 1804098.875, 'RotationPeriod': 1404711.875, 'ScanType': 'Detailed', 'SemiMajorAxis': 3112308480.0, 'StarPos': [-4631.625, 213.75, 20387.0938], 'StarSystem': 'Eor Aub ZP-P e5-917', 'SurfaceGravity': 2.13817, 'SurfacePressure': 0.0, 'SurfaceTemperature': 303.605927, 'SystemAddress': 3939674106036, 'TerraformState': '', 'TidalLock': True, 'Volcanism': '', 'WasDiscovered': False, 'WasMapped': False, 'event': 'Scan', 'timestamp': '2019-07-01T15:11:33Z'}",https://eddn.edcd.io/schemas/journal/1
21,36_2019-07-01 17:27:40,"{'gatewayTimestamp': '2019-07-01T15:27:38.842691Z', 'softwareName': 'EDDiscovery', 'softwareVersion': '10.6.0.0', 'uploaderID': '256ddd9ee62967448d402351d94f3113913bea4f'}","{'Atmosphere': '', 'AtmosphereComposition': [{'Name': 'Hydrogen', 'Percent': 73.425667}, {'Name': 'Helium', 'Percent': 26.574326}], 'AxialTilt': -0.420928, 'BodyID': 10, 'BodyName': 'Bleia Eohn TB-V b22-3 2', 'DistanceFromArrivalLS': 746.840393, 'Eccentricity': 0.000635, 'Landable': False, 'MassEM': 423.733185, 'OrbitalInclination': -0.234647, 'OrbitalPeriod': 104143896.0, 'Parents': [{'Star': 0}], 'Periapsis': 69.644264, 'PlanetClass': 'Sudarsky class I gas giant', 'Radius': 75231600.0, 'ReserveLevel': 'PristineResources', 'Rings': [{'InnerRad': 126250000.0, 'MassMT': 705940000000.0, 'Name': 'Bleia Eohn TB-V b22-3 2 A Ring', 'OuterRad': 261480000.0, 'RingClass': 'eRingClass_Icy'}], 'RotationPeriod': 106438.125, 'ScanType': 'Detailed', 'SemiMajorAxis': 223779389440.0, 'StarPos': [-992.9375, -89.0625, 1992.0625], 'StarSystem': 'Bleia Eohn TB-V b22-3', 'SurfaceGravity': 29.840168, 'SurfacePressure': 0.0, 'SurfaceTemperature': 129.277496, 'SystemAddress': 7254602164417, 'TerraformState': '', 'TidalLock': False, 'Volcanism': '', 'WasDiscovered': False, 'WasMapped': False, 'event': 'Scan', 'timestamp': '2019-07-01T15:27:37Z'}",https://eddn.edcd.io/schemas/journal/1
22,15_2019-07-01 17:27:40,"{'gatewayTimestamp': '2019-07-01T15:11:33.813231Z', 'softwareName': 'E:D Market Connector [Windows]', 'softwareVersion': '3.4.0.0', 'uploaderID': 'f5ed3ecb6a9e788cad90c83caba23541cf69963d'}","{'Body': 'ICZ HW-V b2-0 A', 'BodyID': 3, 'BodyType': 'Star', 'Population': 0, 'StarPos': [98.34375, -102.53125, 16.84375], 'StarSystem': 'ICZ HW-V b2-0', 'SystemAddress': 672296347057, 'SystemAllegiance': '', 'SystemEconomy': '$economy_None;', 'SystemGovernment': '$government_None;', 'SystemSecondEconomy': '$economy_None;', 'SystemSecurity': '$GAlAXY_MAP_INFO_state_anarchy;', 'event': 'FSDJump', 'timestamp': '2019-07-01T15:11:31Z'}",https://eddn.edcd.io/schemas/journal/1
23,22_2019-07-01 17:27:40,"{'gatewayTimestamp': '2019-07-01T15:13:15.288063Z', 'softwareName': 'E:D Market Connector [Windows]', 'softwareVersion': '3.4.2.0', 'uploaderID': '4ba3f6cc8337394c276493bc7992383ef6e72caf'}","{'horizons': True, 'marketId': 3228780032, 'ships': ['adder', 'diamondback', 'diamondbackxl', 'eagle', 'federation_dropship', 'federation_dropship_mkii', 'federation_gunship', 'hauler', 'sidewinder'], 'stationName': 'Clervoy City', 'systemName': 'Gendalla', 'timestamp': '2019-07-01T15:13:14Z'}",https://eddn.edcd.io/schemas/shipyard/2
24,16_2019-07-01 17:27:40,"{'gatewayTimestamp': '2019-07-01T15:11:34.228491Z', 'softwareName': 'EDDiscovery', 'softwareVersion': '10.6.0.0', 'uploaderID': 'f814ce31edefd44198d91da4ad898ef597089f2b'}","{'Atmosphere': 'helium atmosphere', 'AtmosphereComposition': [{'Name': 'Helium', 'Percent': 100.0}], 'AtmosphereType': 'Helium', 'AxialTilt': -0.237536, 'BodyID': 10, 'BodyName': 'Grea Hypooe QX-K b12-0 A 8', 'Composition': {'Ice': 0.686042, 'Metal': 0.103536, 'Rock': 0.210422}, 'DistanceFromArrivalLS': 5246.315918, 'Eccentricity': 0.000418, 'Landable': False, 'MassEM': 0.671129, 'OrbitalInclination': -1.436827, 'OrbitalPeriod': 2042134272.0, 'Parents': [{'Star': 1}, {'Null': 0}], 'Periapsis': 279.182709, 'PlanetClass': 'Icy body', 'Radius': 6898736.5, 'RotationPeriod': 103588.765625, 'ScanType': 'Detailed', 'SemiMajorAxis': 1572584161280.0, 'StarPos': [-11941.0313, -484.34375, 13277.9375], 'StarSystem': 'Grea Hypooe QX-K b12-0', 'SurfaceGravity': 5.620513, 'SurfacePressure': 15412.033203, 'SurfaceTemperature': 20.521469, 'SystemAddress': 510696962665, 'TerraformState': '', 'TidalLock': False, 'Volcanism': '', 'WasDiscovered': False, 'WasMapped': False, 'event': 'Scan', 'timestamp': '2019-07-01T15:11:33Z'}",https://eddn.edcd.io/schemas/journal/1
25,30_2019-07-01 17:27:40,"{'gatewayTimestamp': '2019-07-01T15:27:37.843225Z', 'softwareName': 'EDDiscovery', 'softwareVersion': '10.6.0.0', 'uploaderID': 'f814ce31edefd44198d91da4ad898ef597089f2b'}","{'Atmosphere': 'thin neon atmosphere', 'AtmosphereComposition': [{'Name': 'Neon', 'Percent': 100.0}], 'AtmosphereType': 'Neon', 'AxialTilt': 0.282189, 'BodyID': 9, 'BodyName': 'Grea Hypooe PF-Z b4-0 5', 'Composition': {'Ice': 0.68505, 'Metal': 0.103693, 'Rock': 0.211257}, 'DistanceFromArrivalLS': 823.910889, 'Eccentricity': 0.000814, 'Landable': False, 'MassEM': 0.508491, 'OrbitalInclination': -0.006443, 'OrbitalPeriod': 125216416.0, 'Parents': [{'Star': 0}], 'Periapsis': 61.636086, 'PlanetClass': 'Icy body', 'Radius': 6334015.0, 'RotationPeriod': 72104.203125, 'ScanType': 'Detailed', 'SemiMajorAxis': 246805217280.0, 'StarPos': [-11803.0313, -459.6875, 13117.7813], 'StarSystem': 'Grea Hypooe PF-Z b4-0', 'SurfaceGravity': 5.051666, 'SurfacePressure': 311.196381, 'SurfaceTemperature': 51.308437, 'SystemAddress': 512576076329, 'TerraformState': '', 'TidalLock': False, 'Volcanism': '', 'WasDiscovered': False, 'WasMapped': False, 'event': 'Scan', 'timestamp': '2019-07-01T15:27:37Z'}",https://eddn.edcd.io/schemas/journal/1
26,17_2019-07-01 17:27:40,"{'gatewayTimestamp': '2019-07-01T15:11:34.283056Z', 'softwareName': 'EDSM', 'softwareVersion': '1.0.1', 'uploaderID': '3515251d293f0f3a06d4c563609818040280f2f1'}","{'AbsoluteMagnitude': 4.422821, 'Age_MY': 3122, 'AxialTilt': 0, 'BodyID': 2, 'BodyName': 'Hachee VD-B d12 A', 'DistanceFromArrivalLS': 0, 'Eccentricity': 0.100967, 'Luminosity': 'VII', 'OrbitalInclination': 28.33864, 'OrbitalPeriod': 2080463, 'Parents': [{'Null': 1}, {'Null': 0}], 'Periapsis': 17.623121, 'Radius': 11796.875, 'RotationPeriod': 6.82924, 'ScanType': 'AutoScan', 'SemiMajorAxis': 8109758464, 'StarPos': [-4549.34375, 459.625, 45055.28125], 'StarSystem': 'Hachee VD-B d12', 'StarType': 'N', 'StellarMass': 0.613281, 'Subclass': 0, 'SurfaceTemperature': 4420193, 'SystemAddress': 421838035715, 'WasDiscovered': True, 'WasMapped': False, 'event': 'Scan', 'timestamp': '2019-07-01T14:08:25Z'}",https://eddn.edcd.io/schemas/journal/1
27,3_2019-07-01 17:27:40,"{'gatewayTimestamp': '2019-07-01T14:11:02.894181Z', 'softwareName': 'EDSM', 'softwareVersion': '1.0.1', 'uploaderID': 'f90cc946342043c6da68b9ed377adbecb735a3be'}","{'Atmosphere': '', 'AtmosphereType': 'None', 'AxialTilt': -0.293005, 'BodyID': 25, 'BodyName': 'Skaude QR-U b35-10 5 c', 'Composition': {'Ice': 0.825004, 'Metal': 0.015558, 'Rock': 0.159439}, 'DistanceFromArrivalLS': 4529.935547, 'Eccentricity': 3.5e-05, 'Landable': True, 'MassEM': 0.002761, 'Materials': [{'Name': 'sulphur', 'Percent': 26.362711}, {'Name': 'carbon', 'Percent': 22.16831}, {'Name': 'phosphorus', 'Percent': 14.192532}, {'Name': 'iron', 'Percent': 11.862721}, {'Name': 'nickel', 'Percent': 8.972465}, {'Name': 'chromium', 'Percent': 5.33506}, {'Name': 'manganese', 'Percent': 4.899183}, {'Name': 'selenium', 'Percent': 4.125988}, {'Name': 'antimony', 'Percent': 0.725084}, {'Name': 'tin', 'Percent': 0.704552}, {'Name': 'tungsten', 'Percent': 0.651383}], 'OrbitalInclination': -0.153325, 'OrbitalPeriod': 436076.65625, 'Parents': [{'Planet': 20}, {'Star': 0}], 'Periapsis': 287.075287, 'PlanetClass': 'Icy body', 'Radius': 1234997.375, 'RotationPeriod': 420055.21875, 'ScanType': 'Detailed', 'SemiMajorAxis': 745397312, 'StarPos': [-4809.40625, -273.03125, 9942.1875], 'StarSystem': 'Skaude QR-U b35-10', 'SurfaceGravity': 0.721544, 'SurfacePressure': 0, 'SurfaceTemperature': 37.081379, 'SystemAddress': 22596493194545, 'TerraformState': '', 'TidalLock': True, 'Volcanism': '', 'WasDiscovered': False, 'WasMapped': False, 'event': 'Scan', 'timestamp': '2019-07-01T13:04:11Z'}",https://eddn.edcd.io/schemas/journal/1
28,21_2019-07-01 17:27:40,"{'gatewayTimestamp': '2019-07-01T15:13:15.233686Z', 'softwareName': 'E:D Market Connector [Windows]', 'softwareVersion': '3.4.2.0', 'uploaderID': '4ba3f6cc8337394c276493bc7992383ef6e72caf'}","{'horizons': True, 'marketId': 3228780032, 'modules': ['Hpt_basicmissilerack_fixed_medium', 'Hpt_basicmissilerack_fixed_small', 'Hpt_cannon_fixed_huge', 'Hpt_cannon_gimbal_huge', 'Hpt_cannon_gimbal_large', 'Hpt_cannon_turret_large', 'Hpt_cargoscanner_size0_class1', 'Hpt_cargoscanner_size0_class2', 'Hpt_cargoscanner_size0_class3', 'Hpt_chafflauncher_tiny', 'Hpt_crimescanner_size0_class1', 'Hpt_crimescanner_size0_class2', 'Hpt_electroniccountermeasure_tiny', 'Hpt_heatsinklauncher_turret_tiny', 'Hpt_minelauncher_fixed_small', 'Hpt_minelauncher_fixed_small_impulse', 'Hpt_mining_abrblstr_turret_small', 'Hpt_mining_subsurfdispmisle_fixed_small', 'Hpt_mining_subsurfdispmisle_turret_medium', 'Hpt_mininglaser_fixed_small', 'Hpt_mininglaser_turret_small', 'Hpt_multicannon_fixed_medium', 'Hpt_multicannon_gimbal_huge', 'Hpt_multicannon_gimbal_large', 'Hpt_multicannon_gimbal_small', 'Hpt_multicannon_turret_small', 'Hpt_plasmapointdefence_turret_tiny', 'Hpt_pulselaser_gimbal_huge', 'Hpt_pulselaser_gimbal_large', 'Hpt_pulselaserburst_gimbal_huge', 'Hpt_pulselaserburst_turret_small', 'Hpt_railgun_fixed_medium', 'Hpt_railgun_fixed_small', 'Hpt_slugshot_gimbal_large', 'Hpt_slugshot_turret_large', 'Hpt_slugshot_turret_medium', 'Int_buggybay_size2_class1', 'Int_buggybay_size4_class1', 'Int_buggybay_size4_class2', 'Int_buggybay_size6_class1', 'Int_buggybay_size6_class2', 'Int_cargorack_size1_class1', 'Int_cargorack_size3_class1', 'Int_cargorack_size4_class1', 'Int_cargorack_size5_class1', 'Int_cargorack_size6_class1', 'Int_cargorack_size7_class1', 'Int_cargorack_size8_class1', 'Int_dronecontrol_fueltransfer_size1_class4', 'Int_dronecontrol_fueltransfer_size3_class3', 'Int_dronecontrol_fueltransfer_size3_class5', 'Int_dronecontrol_fueltransfer_size5_class2', 'Int_dronecontrol_fueltransfer_size7_class1', 'Int_dronecontrol_fueltransfer_size7_class5', 'Int_dronecontrol_prospector_size5_class2', 'Int_dronecontrol_prospector_size7_class1', 'Int_dronecontrol_repair_size1_class4', 'Int_dronecontrol_repair_size3_class3', 'Int_dronecontrol_repair_size3_class5', 'Int_dronecontrol_repair_size5_class2', 'Int_dronecontrol_repair_size5_class5', 'Int_dronecontrol_repair_size7_class1', 'Int_dronecontrol_repair_size7_class5', 'Int_dronecontrol_resourcesiphon_size1_class1', 'Int_engine_size2_class5', 'Int_engine_size3_class5', 'Int_engine_size4_class3', 'Int_engine_size4_class4', 'Int_engine_size4_class5', 'Int_engine_size5_class5', 'Int_engine_size6_class2', 'Int_fsdinterdictor_size1_class1', 'Int_fsdinterdictor_size1_class2', 'Int_fsdinterdictor_size1_class3', 'Int_fsdinterdictor_size1_class4', 'Int_fsdinterdictor_size2_class1', 'Int_fsdinterdictor_size2_class2', 'Int_fsdinterdictor_size2_class4', 'Int_fsdinterdictor_size2_class5', 'Int_fuelscoop_size1_class1', 'Int_fuelscoop_size5_class4', 'Int_fuelscoop_size6_class4', 'Int_fueltank_size2_class3', 'Int_fueltank_size3_class3', 'Int_fueltank_size4_class3', 'Int_fueltank_size5_class3', 'Int_fueltank_size6_class3', 'Int_fueltank_size7_class3', 'Int_fueltank_size8_class3', 'Int_hullreinforcement_size2_class1', 'Int_hullreinforcement_size4_class1', 'Int_hullreinforcement_size5_class1', 'Int_hyperdrive_size2_class1', 'Int_hyperdrive_size2_class2', 'Int_hyperdrive_size2_class3', 'Int_hyperdrive_size2_class4', 'Int_hyperdrive_size2_class5', 'Int_hyperdrive_size3_class1', 'Int_hyperdrive_size3_class2', 'Int_hyperdrive_size3_class3', 'Int_hyperdrive_size3_class4', 'Int_hyperdrive_size3_class5', 'Int_lifesupport_size1_class5', 'Int_lifesupport_size2_class5', 'Int_lifesupport_size3_class5', 'Int_lifesupport_size4_class4', 'Int_lifesupport_size4_class5', 'Int_lifesupport_size5_class4', 'Int_lifesupport_size6_class3', 'Int_modulereinforcement_size2_class1', 'Int_modulereinforcement_size3_class1', 'Int_modulereinforcement_size4_class1', 'Int_modulereinforcement_size5_class1', 'Int_powerdistributor_size1_class3', 'Int_powerdistributor_size1_class4', 'Int_powerdistributor_size1_class5', 'Int_powerdistributor_size2_class3', 'Int_powerdistributor_size2_class4', 'Int_powerdistributor_size2_class5', 'Int_powerdistributor_size3_class3', 'Int_powerdistributor_size3_class5', 'Int_powerplant_size2_class1', 'Int_powerplant_size2_class2', 'Int_powerplant_size2_class3', 'Int_powerplant_size2_class4', 'Int_powerplant_size2_class5', 'Int_powerplant_size3_class1', 'Int_powerplant_size3_class2', 'Int_powerplant_size3_class3', 'Int_powerplant_size3_class4', 'Int_powerplant_size3_class5', 'Int_refinery_size1_class1', 'Int_refinery_size1_class2', 'Int_refinery_size1_class3', 'Int_refinery_size1_class4', 'Int_refinery_size1_class5', 'Int_refinery_size2_class1', 'Int_refinery_size2_class2', 'Int_refinery_size2_class3', 'Int_refinery_size2_class4', 'Int_refinery_size2_class5', 'Int_sensors_size4_class4', 'Int_sensors_size5_class5', 'Int_sensors_size6_class4', 'Int_sensors_size6_class5', 'Int_shieldgenerator_size1_class3_fast', 'Int_shieldgenerator_size2_class1', 'Int_shieldgenerator_size2_class3_fast', 'Int_shieldgenerator_size2_class4', 'Int_shieldgenerator_size2_class5', 'Int_shieldgenerator_size3_class3', 'Int_shieldgenerator_size3_class3_fast', 'Int_shieldgenerator_size3_class4', 'Int_shieldgenerator_size3_class5', 'Int_shieldgenerator_size4_class4', 'Int_shieldgenerator_size4_class5', 'Int_shieldgenerator_size5_class3_fast', 'Int_shieldgenerator_size5_class4', 'Int_shieldgenerator_size6_class2', 'Int_shieldgenerator_size6_class3', 'Int_shieldgenerator_size6_class3_fast', 'Int_shieldgenerator_size6_class4', 'adder_Armour_grade1', 'adder_Armour_grade2', 'adder_Armour_grade3', 'adder_Armour_mirrored', 'adder_Armour_reactive', 'diamondback_Armour_grade1', 'diamondback_Armour_grade2', 'diamondback_Armour_grade3', 'diamondback_Armour_mirrored', 'diamondback_Armour_reactive', 'diamondbackxl_Armour_grade1', 'diamondbackxl_Armour_grade2', 'diamondbackxl_Armour_grade3', 'diamondbackxl_Armour_mirrored', 'diamondbackxl_Armour_reactive', 'eagle_Armour_grade1', 'eagle_Armour_grade2', 'eagle_Armour_grade3', 'eagle_Armour_mirrored', 'eagle_Armour_reactive', 'federation_dropship_Armour_grade1', 'federation_dropship_Armour_grade2', 'federation_dropship_Armour_grade3', 'federation_dropship_Armour_mirrored', 'federation_dropship_Armour_reactive', 'federation_dropship_mkii_Armour_grade1', 'federation_dropship_mkii_Armour_grade2', 'federation_dropship_mkii_Armour_grade3', 'federation_dropship_mkii_Armour_mirrored', 'federation_dropship_mkii_Armour_reactive', 'federation_gunship_Armour_grade1', 'federation_gunship_Armour_grade2', 'federation_gunship_Armour_grade3', 'federation_gunship_Armour_mirrored', 'federation_gunship_Armour_reactive', 'hauler_Armour_grade1', 'hauler_Armour_grade2', 'hauler_Armour_grade3', 'hauler_Armour_mirrored', 'hauler_Armour_reactive', 'sidewinder_Armour_grade1', 'sidewinder_Armour_grade2', 'sidewinder_Armour_grade3', 'sidewinder_Armour_mirrored', 'sidewinder_Armour_reactive'], 'stationName': 'Clervoy City', 'systemName': 'Gendalla', 'timestamp': '2019-07-01T15:13:14Z'}",https://eddn.edcd.io/schemas/outfitting/2
29,8_2019-07-01 17:27:40,"{'gatewayTimestamp': '2019-07-01T14:11:04.212720Z', 'softwareName': 'EDDiscovery', 'softwareVersion': '10.6.0.0', 'uploaderID': '417de35a90c2b925fd8c86c9db218027315561b7'}","{'Atmosphere': 'thick argon rich atmosphere', 'AtmosphereComposition': [{'Name': 'Nitrogen', 'Percent': 99.012367}, {'Name': 'Argon', 'Percent': 0.987502}], 'AtmosphereType': 'ArgonRich', 'AxialTilt': -0.27496, 'BodyID': 6, 'BodyName': 'Fleckaea TQ-N c23-0 A 2', 'Composition': {'Ice': 0.20677, 'Metal': 0.265622, 'Rock': 0.527608}, 'DistanceFromArrivalLS': 721.400269, 'Eccentricity': 3.4e-05, 'Landable': False, 'MassEM': 0.458714, 'OrbitalInclination': -0.01955, 'OrbitalPeriod': 70036640.0, 'Parents': [{'Star': 1}, {'Null': 0}], 'Periapsis': 299.620575, 'PlanetClass': 'Rocky ice body', 'Radius': 5211097.0, 'RotationPeriod': 130304.15625, 'ScanType': 'Detailed', 'SemiMajorAxis': 216266440704.0, 'StarPos': [3744.65625, -67.0, 63937.6875], 'StarSystem': 'Fleckaea TQ-N c23-0', 'SurfaceGravity': 6.732767, 'SurfacePressure': 57889884.0, 'SurfaceTemperature': 168.891006, 'SystemAddress': 90160710858, 'TerraformState': '', 'TidalLock': False, 'Volcanism': '', 'WasDiscovered': False, 'WasMapped': False, 'event': 'Scan', 'timestamp': '2019-07-01T14:11:03Z'}",https://eddn.edcd.io/schemas/journal/1
30,27_2019-07-01 17:27:40,"{'gatewayTimestamp': '2019-07-01T15:13:16.097811Z', 'softwareName': 'E:D Market Connector [Windows]', 'softwareVersion': '3.4.2.0', 'uploaderID': '84dd0f466d7b7d6cce567052756b816df3cb6a48'}","{'AbsoluteMagnitude': 3.462585, 'Age_MY': 2802, 'AxialTilt': 0.0, 'BodyID': 1, 'BodyName': 'Col 359 Sector UN-T d3-42 A', 'DistanceFromArrivalLS': 0.0, 'Eccentricity': 0.221166, 'Luminosity': 'VI', 'OrbitalInclination': 37.214542, 'OrbitalPeriod': 73755168.0, 'Parents': [{'Null': 0}], 'Periapsis': 13.439346, 'Radius': 791309504.0, 'RotationPeriod': 211719.296875, 'ScanType': 'AutoScan', 'SemiMajorAxis': 105390514176.0, 'StarPos': [-177.1875, -174.25, 442.375], 'StarSystem': 'Col 359 Sector UN-T d3-42', 'StarType': 'F', 'StellarMass': 1.328125, 'Subclass': 0, 'SurfaceTemperature': 7421.0, 'SystemAddress': 1453552798099, 'WasDiscovered': True, 'WasMapped': False, 'event': 'Scan', 'timestamp': '2019-07-01T15:13:14Z'}",https://eddn.edcd.io/schemas/journal/1
31,7_2019-07-01 17:27:40,"{'gatewayTimestamp': '2019-07-01T14:11:04.131847Z', 'softwareName': 'EDDI', 'softwareVersion': '3.4.1', 'uploaderID': 'b2bd0452079aa12de3a3b6f4b6e82b39e9d9431d'}","{'Atmosphere': 'carbon dioxide rich atmosphere', 'AtmosphereComposition': [{'Name': 'Nitrogen', 'Percent': 99.564377}, {'Name': 'CarbonDioxide', 'Percent': 0.42187}], 'AtmosphereType': 'CarbonDioxideRich', 'AxialTilt': -0.375686, 'BodyID': 45, 'BodyName': 'Nueloae LN-Q d6-5 C 3', 'Composition': {'Ice': 0.0, 'Metal': 0.33068, 'Rock': 0.66932}, 'DistanceFromArrivalLS': 58698.605469, 'Eccentricity': 0.001441, 'Landable': False, 'MassEM': 0.443329, 'OrbitalInclination': -0.006792, 'OrbitalPeriod': 44972244.0, 'Parents': [{'Star': 4}, {'Null': 0}], 'Periapsis': 226.520996, 'PlanetClass': 'High metal content body', 'Radius': 4750734.5, 'RotationPeriod': 162174.421875, 'ScanType': 'Detailed', 'SemiMajorAxis': 161984151552.0, 'StarPos': [36849.65625, -54.875, 13580.375], 'StarSystem': 'Nueloae LN-Q d6-5', 'SurfaceGravity': 7.829143, 'SurfacePressure': 293032.46875, 'SurfaceTemperature': 234.518524, 'SystemAddress': 190010347195, 'TerraformState': 'Terraformable', 'TidalLock': False, 'Volcanism': '', 'WasDiscovered': False, 'WasMapped': False, 'event': 'Scan', 'timestamp': '2019-07-01T14:11:03Z'}",https://eddn.edcd.io/schemas/journal/1
32,31_2019-07-01 17:27:40,"{'gatewayTimestamp': '2019-07-01T15:27:38.117269Z', 'softwareName': 'EDDiscovery', 'softwareVersion': '10.6.0.0', 'uploaderID': 'bdb199619d93aca785cbd751ae03a08f03355c4f'}","{'BodyID': 17, 'BodyName': 'Nuwo ZD-E c1-0 B A Belt Cluster 7', 'DistanceFromArrivalLS': 4724.980957, 'Parents': [{'Ring': 10}, {'Star': 2}, {'Null': 0}], 'ScanType': 'AutoScan', 'StarPos': [-102.625, -44.40625, 61731.53], 'StarSystem': 'Nuwo ZD-E c1-0', 'SystemAddress': 83718292234, 'WasDiscovered': False, 'WasMapped': False, 'event': 'Scan', 'timestamp': '2019-07-01T15:27:11Z'}",https://eddn.edcd.io/schemas/journal/1
33,29_2019-07-01 17:27:40,"{'gatewayTimestamp': '2019-07-01T15:13:16.416625Z', 'softwareName': 'EDDiscovery', 'softwareVersion': '10.6.0.0', 'uploaderID': 'f814ce31edefd44198d91da4ad898ef597089f2b'}","{'Atmosphere': '', 'AtmosphereType': 'None', 'AxialTilt': 0.244221, 'BodyID': 8, 'BodyName': 'Grea Hypooe NR-M b11-1 5 a', 'Composition': {'Ice': 0.879501, 'Metal': 0.016571, 'Rock': 0.103927}, 'DistanceFromArrivalLS': 1583.956177, 'Eccentricity': 0.0, 'Landable': True, 'MassEM': 0.255992, 'Materials': [{'Name': 'sulphur', 'Percent': 27.748213}, {'Name': 'carbon', 'Percent': 23.33337}, {'Name': 'phosphorus', 'Percent': 14.938426}, {'Name': 'iron', 'Percent': 12.022784}, {'Name': 'nickel', 'Percent': 9.093531}, {'Name': 'selenium', 'Percent': 4.34283}, {'Name': 'zinc', 'Percent': 3.267343}, {'Name': 'germanium', 'Percent': 3.188691}, {'Name': 'niobium', 'Percent': 0.821693}, {'Name': 'yttrium', 'Percent': 0.718107}, {'Name': 'mercury', 'Percent': 0.525015}], 'OrbitalInclination': -47.300179, 'OrbitalPeriod': 17542448.0, 'Parents': [{'Planet': 7}, {'Star': 0}], 'Periapsis': 63.119698, 'PlanetClass': 'Icy body', 'Radius': 5436444.5, 'RotationPeriod': 18383406.0, 'ScanType': 'Detailed', 'SemiMajorAxis': 2072107136.0, 'StarPos': [-11923.3438, -477.15625, 13259.5], 'StarSystem': 'Grea Hypooe NR-M b11-1', 'SurfaceGravity': 3.452282, 'SurfacePressure': 1.866845, 'SurfaceTemperature': 37.802082, 'SystemAddress': 2709988653665, 'TerraformState': '', 'TidalLock': True, 'Volcanism': '', 'WasDiscovered': False, 'WasMapped': False, 'event': 'Scan', 'timestamp': '2019-07-01T15:13:16Z'}",https://eddn.edcd.io/schemas/journal/1
34,1_2019-07-01 17:27:40,"{'gatewayTimestamp': '2019-07-01T14:11:02.287616Z', 'softwareName': 'EDSM', 'softwareVersion': '1.0.1', 'uploaderID': 'f90cc946342043c6da68b9ed377adbecb735a3be'}","{'Atmosphere': '', 'AtmosphereComposition': [{'Name': 'Hydrogen', 'Percent': 71.922028}, {'Name': 'Helium', 'Percent': 28.07798}], 'AxialTilt': 0.759983, 'BodyID': 20, 'BodyName': 'Skaude QR-U b35-10 5', 'DistanceFromArrivalLS': 4532.305176, 'Eccentricity': 0.014985, 'Landable': False, 'MassEM': 215.624374, 'OrbitalInclination': -0.039424, 'OrbitalPeriod': 1291431040, 'Parents': [{'Star': 0}], 'Periapsis': 121.109093, 'PlanetClass': 'Sudarsky class I gas giant', 'Radius': 64615616, 'ReserveLevel': 'PristineResources', 'Rings': [{'InnerRad': 106620000, 'MassMT': 62308000000, 'Name': 'Skaude QR-U b35-10 5 A Ring', 'OuterRad': 120150000, 'RingClass': 'eRingClass_Rocky'}, {'InnerRad': 120250000, 'MassMT': 807650000000, 'Name': 'Skaude QR-U b35-10 5 B Ring', 'OuterRad': 227320000, 'RingClass': 'eRingClass_Icy'}], 'RotationPeriod': 71282.109375, 'ScanType': 'Detailed', 'SemiMajorAxis': 1338991312896, 'StarPos': [-4809.40625, -273.03125, 9942.1875], 'StarSystem': 'Skaude QR-U b35-10', 'SurfaceGravity': 20.58412, 'SurfacePressure': 0, 'SurfaceTemperature': 61.059151, 'SystemAddress': 22596493194545, 'TerraformState': '', 'TidalLock': False, 'Volcanism': '', 'WasDiscovered': False, 'WasMapped': False, 'event': 'Scan', 'timestamp': '2019-07-01T13:04:01Z'}",https://eddn.edcd.io/schemas/journal/1
35,20_2019-07-01 17:27:40,"{'gatewayTimestamp': '2019-07-01T15:13:15.169788Z', 'softwareName': 'E:D Market Connector [Windows]', 'softwareVersion': '3.4.2.0', 'uploaderID': '4ba3f6cc8337394c276493bc7992383ef6e72caf'}","{'commodities': [{'buyPrice': 0, 'demand': 47121, 'demandBracket': 2, 'meanPrice': 3117, 'name': 'advancedcatalysers', 'sellPrice': 3583, 'stock': 0, 'stockBracket': 0}, {'buyPrice': 0, 'demand': 2987, 'demandBracket': 3, 'meanPrice': 1476, 'name': 'advancedmedicines', 'sellPrice': 1787, 'stock': 0, 'stockBracket': 0}, {'buyPrice': 0, 'demand': 0, 'demandBracket': 1, 'meanPrice': 272313, 'name': 'alexandrite', 'sellPrice': 336177, 'stock': 0, 'stockBracket': 0}, {'buyPrice': 31, 'demand': 0, 'demandBracket': 0, 'meanPrice': 323, 'name': 'algae', 'sellPrice': 30, 'stock': 0, 'stockBracket': 0}, {'buyPrice': 212, 'demand': 1, 'demandBracket': 0, 'meanPrice': 473, 'name': 'aluminium', 'sellPrice': 196, 'stock': 76129, 'stockBracket': 3}, {'buyPrice': 0, 'demand': 2278, 'demandBracket': 3, 'meanPrice': 1525, 'name': 'animalmeat', 'sellPrice': 1858, 'statusFlags': ['powerplay'], 'stock': 0, 'stockBracket': 0}, {'buyPrice': 0, 'demand': 573, 'demandBracket': 1, 'meanPrice': 436, 'name': 'basicmedicines', 'sellPrice': 360, 'stock': 0, 'stockBracket': 0}, {'buyPrice': 0, 'demand': 70399, 'demandBracket': 1, 'meanPrice': 261, 'name': 'bauxite', 'sellPrice': 192, 'stock': 0, 'stockBracket': 0}, {'buyPrice': 0, 'demand': 17715, 'demandBracket': 3, 'meanPrice': 404, 'name': 'beer', 'sellPrice': 699, 'stock': 0, 'stockBracket': 0}, {'buyPrice': 0, 'demand': 11, 'demandBracket': 2, 'meanPrice': 194782, 'name': 'benitoite', 'sellPrice': 308739, 'stock': 0, 'stockBracket': 0}, {'buyPrice': 0, 'demand': 1070, 'demandBracket': 1, 'meanPrice': 2517, 'name': 'bertrandite', 'sellPrice': 2439, 'stock': 0, 'stockBracket': 0}, {'buyPrice': 7546, 'demand': 1, 'demandBracket': 0, 'meanPrice': 8137, 'name': 'beryllium', 'sellPrice': 7459, 'stock': 1276, 'stockBracket': 2}, {'buyPrice': 0, 'demand': 3974, 'demandBracket': 2, 'meanPrice': 1232, 'name': 'bioreducinglichen', 'sellPrice': 1579, 'stock': 0, 'stockBracket': 0}, {'buyPrice': 35, 'demand': 1, 'demandBracket': 0, 'meanPrice': 342, 'name': 'biowaste', 'sellPrice': 21, 'statusFlags': ['powerplay'], 'stock': 9993, 'stockBracket': 3}, {'buyPrice': 0, 'demand': 7385, 'demandBracket': 2, 'meanPrice': 672, 'name': 'chemicalwaste', 'sellPrice': 658, 'stock': 0, 'stockBracket': 0}, {'buyPrice': 0, 'demand': 3332, 'demandBracket': 1, 'meanPrice': 459, 'name': 'clothing', 'sellPrice': 359, 'stock': 0, 'stockBracket': 0}, {'buyPrice': 512, 'demand': 1, 'demandBracket': 0, 'meanPrice': 755, 'name': 'cobalt', 'sellPrice': 489, 'stock': 15588, 'stockBracket': 3}, {'buyPrice': 0, 'demand': 839, 'demandBracket': 3, 'meanPrice': 1505, 'name': 'coffee', 'sellPrice': 1859, 'statusFlags': ['powerplay'], 'stock': 0, 'stockBracket': 0}, {'buyPrice': 0, 'demand': 27960, 'demandBracket': 1, 'meanPrice': 1473, 'name': 'coltan', 'sellPrice': 1416, 'stock': 0, 'stockBracket': 0}, {'buyPrice': 648, 'demand': 1, 'demandBracket': 0, 'meanPrice': 658, 'name': 'conductivefabrics', 'sellPrice': 606, 'stock': 1864, 'stockBracket': 3}, {'buyPrice': 0, 'demand': 1294, 'demandBracket': 3, 'meanPrice': 6812, 'name': 'consumertechnology', 'sellPrice': 7619, 'stock': 0, 'stockBracket': 0}, {'buyPrice': 324, 'demand': 1, 'demandBracket': 0, 'meanPrice': 612, 'name': 'copper', 'sellPrice': 303, 'stock': 91631, 'stockBracket': 3}, {'buyPrice': 0, 'demand': 8666, 'demandBracket': 3, 'meanPrice': 2330, 'name': 'cryolite', 'sellPrice': 2894, 'stock': 0, 'stockBracket': 0}, {'buyPrice': 0, 'demand': 25, 'demandBracket': 3, 'meanPrice': 13135, 'name': 'damagedescapepod', 'sellPrice': 16904, 'stock': 0, 'stockBracket': 0}, {'buyPrice': 0, 'demand': 1260, 'demandBracket': 1, 'meanPrice': 659, 'name': 'domesticappliances', 'sellPrice': 577, 'stock': 0, 'stockBracket': 0}, {'buyPrice': 223, 'demand': 1, 'demandBracket': 0, 'meanPrice': 419, 'name': 'explosives', 'sellPrice': 202, 'stock': 21255, 'stockBracket': 3}, {'buyPrice': 0, 'demand': 6902, 'demandBracket': 2, 'meanPrice': 642, 'name': 'fish', 'sellPrice': 910, 'statusFlags': ['powerplay'], 'stock': 0, 'stockBracket': 0}, {'buyPrice': 0, 'demand': 346, 'demandBracket': 1, 'meanPrice': 225, 'name': 'foodcartridges', 'sellPrice': 186, 'stock': 0, 'stockBracket': 0}, {'buyPrice': 0, 'demand': 2988, 'demandBracket': 3, 'meanPrice': 530, 'name': 'fruitandvegetables', 'sellPrice': 813, 'statusFlags': ['powerplay'], 'stock': 0, 'stockBracket': 0}, {'buyPrice': 0, 'demand': 718, 'demandBracket': 1, 'meanPrice': 1959, 'name': 'gallite', 'sellPrice': 1883, 'stock': 0, 'stockBracket': 0}, {'buyPrice': 4321, 'demand': 1, 'demandBracket': 0, 'meanPrice': 5068, 'name': 'gallium', 'sellPrice': 4218, 'stock': 2666, 'stockBracket': 3}, {'buyPrice': 9945, 'demand': 1, 'demandBracket': 0, 'meanPrice': 9847, 'name': 'gold', 'sellPrice': 9831, 'stock': 453, 'stockBracket': 1}, {'buyPrice': 0, 'demand': 62362, 'demandBracket': 2, 'meanPrice': 1052, 'name': 'goslarite', 'sellPrice': 1452, 'stock': 0, 'stockBracket': 0}, {'buyPrice': 0, 'demand': 15944, 'demandBracket': 3, 'meanPrice': 434, 'name': 'grain', 'sellPrice': 697, 'statusFlags': ['powerplay'], 'stock': 0, 'stockBracket': 0}, {'buyPrice': 0, 'demand': 0, 'demandBracket': 1, 'meanPrice': 254649, 'name': 'grandidierite', 'sellPrice': 344420, 'stock': 0, 'stockBracket': 0}, {'buyPrice': 0, 'demand': 41220, 'demandBracket': 3, 'meanPrice': 574, 'name': 'hazardousenvironmentsuits', 'sellPrice': 810, 'stock': 0, 'stockBracket': 0}, {'buyPrice': 0, 'demand': 27567, 'demandBracket': 2, 'meanPrice': 468, 'name': 'heliostaticfurnaces', 'sellPrice': 725, 'stock': 0, 'stockBracket': 0}, {'buyPrice': 0, 'demand': 25, 'demandBracket': 3, 'meanPrice': 24944, 'name': 'hostage', 'sellPrice': 34607, 'stock': 0, 'stockBracket': 0}, {'buyPrice': 84, 'demand': 1, 'demandBracket': 0, 'meanPrice': 108, 'name': 'hydrogenfuel', 'sellPrice': 80, 'stock': 40517, 'stockBracket': 3}, {'buyPrice': 0, 'demand': 25638, 'demandBracket': 2, 'meanPrice': 1209, 'name': 'hydrogenperoxide', 'sellPrice': 1172, 'stock': 0, 'stockBracket': 0}, {'buyPrice': 0, 'demand': 19394, 'demandBracket': 1, 'meanPrice': 2232, 'name': 'indite', 'sellPrice': 2192, 'stock': 0, 'stockBracket': 0}, {'buyPrice': 4984, 'demand': 1, 'demandBracket': 0, 'meanPrice': 5650, 'name': 'indium', 'sellPrice': 4925, 'stock': 24121, 'stockBracket': 3}, {'buyPrice': 10274, 'demand': 1, 'demandBracket': 0, 'meanPrice': 10691, 'name': 'insulatingmembrane', 'sellPrice': 10157, 'stock': 6, 'stockBracket': 1}, {'buyPrice': 0, 'demand': 28067, 'demandBracket': 1, 'meanPrice': 709, 'name': 'lepidolite', 'sellPrice': 620, 'stock': 0, 'stockBracket': 0}, {'buyPrice': 124, 'demand': 1, 'demandBracket': 0, 'meanPrice': 434, 'name': 'liquidoxygen', 'sellPrice': 110, 'stock': 4293, 'stockBracket': 3}, {'buyPrice': 0, 'demand': 850, 'demandBracket': 2, 'meanPrice': 792, 'name': 'liquor', 'sellPrice': 913, 'stock': 0, 'stockBracket': 0}, {'buyPrice': 1225, 'demand': 1, 'demandBracket': 0, 'meanPrice': 1697, 'name': 'lithium', 'sellPrice': 1192, 'stock': 66323, 'stockBracket': 3}, {'buyPrice': 0, 'demand': 4713, 'demandBracket': 3, 'meanPrice': 5672, 'name': 'lithiumhydroxide', 'sellPrice': 5649, 'stock': 0, 'stockBracket': 0}, {'buyPrice': 0, 'demand': 0, 'demandBracket': 1, 'meanPrice': 291673, 'name': 'lowtemperaturediamond', 'sellPrice': 517873, 'stock': 0, 'stockBracket': 0}, {'buyPrice': 0, 'demand': 67854, 'demandBracket': 3, 'meanPrice': 955, 'name': 'methaneclathrate', 'sellPrice': 914, 'stock': 0, 'stockBracket': 0}, {'buyPrice': 1742, 'demand': 1, 'demandBracket': 0, 'meanPrice': 899, 'name': 'militarygradefabrics', 'sellPrice': 1665, 'stock': 11844, 'stockBracket': 3}, {'buyPrice': 0, 'demand': 6839, 'demandBracket': 1, 'meanPrice': 728, 'name': 'mineralextractors', 'sellPrice': 992, 'stock': 0, 'stockBracket': 0}, {'buyPrice': 0, 'demand': 84803, 'demandBracket': 3, 'meanPrice': 396, 'name': 'mineraloil', 'sellPrice': 718, 'stock': 0, 'stockBracket': 0}, {'buyPrice': 0, 'demand': 22, 'demandBracket': 3, 'meanPrice': 238136, 'name': 'monazite', 'sellPrice': 333397, 'stock': 0, 'stockBracket': 0}, {'buyPrice': 0, 'demand': 22, 'demandBracket': 3, 'meanPrice': 254649, 'name': 'musgravite', 'sellPrice': 343783, 'stock': 0, 'stockBracket': 0}, {'buyPrice': 0, 'demand': 266, 'demandBracket': 1, 'meanPrice': 1925, 'name': 'nonlethalweapons', 'sellPrice': 1826, 'stock': 0, 'stockBracket': 0}, {'buyPrice': 0, 'demand': 17, 'demandBracket': 2, 'meanPrice': 30359, 'name': 'occupiedcryopod', 'sellPrice': 30072, 'stock': 0, 'stockBracket': 0}, {'buyPrice': 0, 'demand': 0, 'demandBracket': 1, 'meanPrice': 182168, 'name': 'opal', 'sellPrice': 323037, 'stock': 0, 'stockBracket': 0}, {'buyPrice': 0, 'demand': 16, 'demandBracket': 3, 'meanPrice': 87593, 'name': 'painite', 'sellPrice': 157199, 'stock': 0, 'stockBracket': 0}, {'buyPrice': 12448, 'demand': 1, 'demandBracket': 0, 'meanPrice': 12954, 'name': 'palladium', 'sellPrice': 12308, 'stock': 2, 'stockBracket': 1}, {'buyPrice': 0, 'demand': 990, 'demandBracket': 3, 'meanPrice': 6836, 'name': 'performanceenhancers', 'sellPrice': 7618, 'stock': 0, 'stockBracket': 0}, {'buyPrice': 0, 'demand': 25, 'demandBracket': 3, 'meanPrice': 9540, 'name': 'personaleffects', 'sellPrice': 9533, 'stock': 0, 'stockBracket': 0}, {'buyPrice': 56, 'demand': 1, 'demandBracket': 0, 'meanPrice': 308, 'name': 'polymers', 'sellPrice': 42, 'stock': 77412, 'stockBracket': 3}, {'buyPrice': 0, 'demand': 3376, 'demandBracket': 1, 'meanPrice': 628, 'name': 'powergenerators', 'sellPrice': 574, 'stock': 0, 'stockBracket': 0}, {'buyPrice': 0, 'demand': 486, 'demandBracket': 3, 'meanPrice': 6803, 'name': 'progenitorcells', 'sellPrice': 7619, 'stock': 0, 'stockBracket': 0}, {'buyPrice': 0, 'demand': 53543, 'demandBracket': 2, 'meanPrice': 1664, 'name': 'pyrophyllite', 'sellPrice': 2145, 'stock': 0, 'stockBracket': 0}, {'buyPrice': 0, 'demand': 598, 'demandBracket': 2, 'meanPrice': 2217, 'name': 'reactivearmour', 'sellPrice': 2344, 'stock': 0, 'stockBracket': 0}, {'buyPrice': 0, 'demand': 5438, 'demandBracket': 3, 'meanPrice': 6060, 'name': 'resonatingseparators', 'sellPrice': 7003, 'stock': 0, 'stockBracket': 0}, {'buyPrice': 0, 'demand': 22, 'demandBracket': 3, 'meanPrice': 208275, 'name': 'rhodplumsite', 'sellPrice': 312416, 'stock': 0, 'stockBracket': 0}, {'buyPrice': 0, 'demand': 13384, 'demandBracket': 1, 'meanPrice': 448, 'name': 'rutile', 'sellPrice': 330, 'stock': 0, 'stockBracket': 0}, {'buyPrice': 0, 'demand': 4455, 'demandBracket': 1, 'meanPrice': 253, 'name': 'scrap', 'sellPrice': 218, 'stock': 0, 'stockBracket': 0}, {'buyPrice': 670, 'demand': 1, 'demandBracket': 0, 'meanPrice': 1095, 'name': 'semiconductors', 'sellPrice': 641, 'stock': 10730, 'stockBracket': 3}, {'buyPrice': 0, 'demand': 13, 'demandBracket': 2, 'meanPrice': 222708, 'name': 'serendibite', 'sellPrice': 320652, 'stock': 0, 'stockBracket': 0}, {'buyPrice': 4047, 'demand': 1, 'demandBracket': 0, 'meanPrice': 4769, 'name': 'silver', 'sellPrice': 3951, 'stock': 3474, 'stockBracket': 3}, {'buyPrice': 5686, 'demand': 1, 'demandBracket': 0, 'meanPrice': 6476, 'name': 'superconductors', 'sellPrice': 5619, 'stock': 21793, 'stockBracket': 3}, {'buyPrice': 370, 'demand': 1, 'demandBracket': 0, 'meanPrice': 663, 'name': 'surfacestabilisers', 'sellPrice': 346, 'stock': 16961, 'stockBracket': 3}, {'buyPrice': 90, 'demand': 1, 'demandBracket': 0, 'meanPrice': 360, 'name': 'syntheticfabrics', 'sellPrice': 76, 'stock': 54535, 'stockBracket': 3}, {'buyPrice': 0, 'demand': 1966, 'demandBracket': 3, 'meanPrice': 488, 'name': 'syntheticmeat', 'sellPrice': 784, 'stock': 0, 'stockBracket': 0}, {'buyPrice': 3262, 'demand': 1, 'demandBracket': 0, 'meanPrice': 3947, 'name': 'tantalum', 'sellPrice': 3182, 'stock': 30832, 'stockBracket': 3}, {'buyPrice': 0, 'demand': 2129, 'demandBracket': 3, 'meanPrice': 1693, 'name': 'tea', 'sellPrice': 2039, 'statusFlags': ['powerplay'], 'stock': 0, 'stockBracket': 0}, {'buyPrice': 762, 'demand': 1, 'demandBracket': 0, 'meanPrice': 1115, 'name': 'titanium', 'sellPrice': 730, 'stock': 46942, 'stockBracket': 3}, {'buyPrice': 0, 'demand': 5484, 'demandBracket': 1, 'meanPrice': 990, 'name': 'uraninite', 'sellPrice': 889, 'stock': 0, 'stockBracket': 0}, {'buyPrice': 2156, 'demand': 1, 'demandBracket': 0, 'meanPrice': 2757, 'name': 'uranium', 'sellPrice': 2102, 'stock': 4416, 'stockBracket': 3}, {'buyPrice': 0, 'demand': 25, 'demandBracket': 3, 'meanPrice': 19244, 'name': 'usscargoblackbox', 'sellPrice': 20525, 'stock': 0, 'stockBracket': 0}, {'buyPrice': 0, 'demand': 14294, 'demandBracket': 3, 'meanPrice': 267, 'name': 'water', 'sellPrice': 658, 'stock': 0, 'stockBracket': 0}, {'buyPrice': 0, 'demand': 1391, 'demandBracket': 1, 'meanPrice': 411, 'name': 'waterpurifiers', 'sellPrice': 345, 'stock': 0, 'stockBracket': 0}, {'buyPrice': 0, 'demand': 7028, 'demandBracket': 3, 'meanPrice': 484, 'name': 'wine', 'sellPrice': 783, 'stock': 0, 'stockBracket': 0}, {'buyPrice': 0, 'demand': 234, 'demandBracket': 3, 'meanPrice': 7982, 'name': 'wreckagecomponents', 'sellPrice': 8955, 'stock': 0, 'stockBracket': 0}], 'economies': [{'name': 'Extraction', 'proportion': 0.19}, {'name': 'Refinery', 'proportion': 0.81}], 'marketId': 3228780032, 'prohibited': ['BasicNarcotics', 'BattleWeapons', 'BootlegLiquor', 'CombatStabilisers', 'ImperialSlaves', 'Landmines', 'PersonalWeapons', 'Slaves', 'Tobacco'], 'stationName': 'Clervoy City', 'systemName': 'Gendalla', 'timestamp': '2019-07-01T15:13:14Z'}",https://eddn.edcd.io/schemas/commodity/3
36,0_2019-07-01 17:27:40,"{'gatewayTimestamp': '2019-07-01T14:11:01.974602Z', 'softwareName': 'EDSM', 'softwareVersion': '1.0.1', 'uploaderID': 'f90cc946342043c6da68b9ed377adbecb735a3be'}","{'BodyID': 3, 'BodyName': 'Skaude QR-U b35-10 A Belt Cluster 2', 'DistanceFromArrivalLS': 4.538731, 'Parents': [{'Ring': 1}, {'Star': 0}], 'ScanType': 'AutoScan', 'StarPos': [-4809.40625, -273.03125, 9942.1875], 'StarSystem': 'Skaude QR-U b35-10', 'SystemAddress': 22596493194545, 'WasDiscovered': False, 'WasMapped': False, 'event': 'Scan', 'timestamp': '2019-07-01T13:03:49Z'}",https://eddn.edcd.io/schemas/journal/1
37,26_2019-07-01 17:27:40,"{'gatewayTimestamp': '2019-07-01T15:13:15.951309Z', 'softwareName': 'E:D Market Connector [Windows]', 'softwareVersion': '3.4.0.0', 'uploaderID': 'f5ed3ecb6a9e788cad90c83caba23541cf69963d'}","{'Atmosphere': 'helium atmosphere', 'AtmosphereComposition': [{'Name': 'Helium', 'Percent': 91.379311}, {'Name': 'Hydrogen', 'Percent': 8.620689}], 'AtmosphereType': 'Helium', 'AxialTilt': -2.461529, 'BodyID': 15, 'BodyName': 'ICZ HW-V b2-0 D 7', 'Composition': {'Ice': 0.676849, 'Metal': 0.106578, 'Rock': 0.216573}, 'DistanceFromArrivalLS': 103788.882813, 'Eccentricity': 0.000881, 'Landable': False, 'MassEM': 2.829108, 'OrbitalInclination': -0.506694, 'OrbitalPeriod': 445463808.0, 'Parents': [{'Star': 6}, {'Null': 0}], 'Periapsis': 99.058876, 'PlanetClass': 'Icy body', 'Radius': 10525395.0, 'RotationPeriod': 43828.671875, 'ScanType': 'Detailed', 'SemiMajorAxis': 407751098368.0, 'StarPos': [98.34375, -102.53125, 16.84375], 'StarSystem': 'ICZ HW-V b2-0', 'SurfaceGravity': 10.178463, 'SurfacePressure': 54571.503906, 'SurfaceTemperature': 23.66802, 'SystemAddress': 672296347057, 'TerraformState': '', 'TidalLock': False, 'Volcanism': 'major water geysers volcanism', 'WasDiscovered': True, 'WasMapped': True, 'event': 'Scan', 'timestamp': '2019-07-01T15:13:14Z'}",https://eddn.edcd.io/schemas/journal/1
38,19_2019-07-01 17:27:40,"{'gatewayTimestamp': '2019-07-01T15:11:34.533015Z', 'softwareName': 'EDDiscovery', 'softwareVersion': '10.6.0.0', 'uploaderID': '33a14773554516fff8425c8c8b1c78168f2ecf5f'}","{'Atmosphere': 'hot thick carbon dioxide atmosphere', 'AtmosphereComposition': [{'Name': 'CarbonDioxide', 'Percent': 95.84819}, {'Name': 'Nitrogen', 'Percent': 3.193114}, {'Name': 'SulphurDioxide', 'Percent': 0.958482}], 'AtmosphereType': 'CarbonDioxide', 'AxialTilt': -0.177384, 'BodyID': 15, 'BodyName': 'Cho Theia GB-D c26-0 ABC 1', 'Composition': {'Ice': 0.0, 'Metal': 0.33047, 'Rock': 0.66953}, 'DistanceFromArrivalLS': 167.863235, 'Eccentricity': 0.01, 'Landable': False, 'MassEM': 2.837467, 'OrbitalInclination': -6.331011, 'OrbitalPeriod': 6782806.0, 'Parents': [{'Null': 1}, {'Null': 0}], 'Periapsis': 6.176588, 'PlanetClass': 'High metal content body', 'Radius': 8226271.5, 'RotationPeriod': 6782865.0, 'ScanType': 'Detailed', 'SemiMajorAxis': 56908378112.0, 'StarPos': [7466.4375, 92.03125, 58940.9063], 'StarSystem': 'Cho Theia GB-D c26-0', 'SurfaceGravity': 16.712219, 'SurfacePressure': 41646748.0, 'SurfaceTemperature': 955.664856, 'SystemAddress': 96401965282, 'TerraformState': 'Terraformable', 'TidalLock': True, 'Volcanism': '', 'WasDiscovered': False, 'WasMapped': False, 'event': 'Scan', 'timestamp': '2019-07-01T15:11:33Z'}",https://eddn.edcd.io/schemas/journal/1
